IBAN,IBAN-uri cheltuieli sectoare speciale actualizat 30.06.2014,http://static.anaf.ro/static/10/Anaf/Aplicatii/OP_FV/opfv2013/IBAN_ch_ss_30062014.txt,DENUMIRE,,,,
RO33TREZ23A510000100000X,AUTORITATI PUBLICE SI ACTIUNI EXTERNE,CHELTUIELI DE PERSONAL,,,,,
RO18TREZ23A510000200000X,AUTORITATI PUBLICE SI ACTIUNI EXTERNE,BUNURI SI SERVICII,,,,,
RO03TREZ23A510000300000X,AUTORITATI PUBLICE SI ACTIUNI EXTERNE,DOBANZI,,,,,
RO85TREZ23A510000400000X,AUTORITATI PUBLICE SI ACTIUNI EXTERNE,SUBVENTII,,,,,
RO20TREZ23A510000510000X,AUTORITATI PUBLICE SI ACTIUNI EXTERNE,TRANSFERURI INTRE UNITATI ALE ADMINISTRATIEI PUBLICE,,,,,
RO14TREZ23A510000550000X,AUTORITATI PUBLICE SI ACTIUNI EXTERNE,ALTE TRANSFERURI,,,,,
RO61TREZ23A510000560000X,AUTORITATI PUBLICE SI ACTIUNI EXTERNE,PROIECTE CU FINANTARE DIN FONDURI EXTERNE NERAMBURSABILE (FEN) POSTADERARE,,,,,
RO11TREZ23A510000570000X,AUTORITATI PUBLICE SI ACTIUNI EXTERNE,ASISTENTA SOCIALA,,,,,
RO08TREZ23A510000590000X,AUTORITATI PUBLICE SI ACTIUNI EXTERNE,ALTE CHELTUIELI,,,,,
RO96TREZ23A510000650000X,AUTORITATI PUBLICE SI ACTIUNI EXTERNE,CHELTUIELI AFERENTE PROGRAMELOR CU FINANTARE RAMBURSABILA,,,,,
RO87TREZ23A510000710000X,AUTORITATI PUBLICE SI ACTIUNI EXTERNE,ACTIVE NEFINANCIARE,,,,,
RO37TREZ23A510000720000X,AUTORITATI PUBLICE SI ACTIUNI EXTERNE,ACTIVE FINANCIARE,,,,,
RO81TREZ23A510000750000X,AUTORITATI PUBLICE SI ACTIUNI EXTERNE,FONDUL NATIONAL DE DEZVOLTARE,,,,,
RO81TREZ23A510000750000X,AUTORITATI PUBLICE SI ACTIUNI EXTERNE,Autoritati publice si actiuni externe,TITLUL XIV FONDUL NATIONAL DE DEZVOLTARE,,,,
RO81TREZ23A510000750000X,AUTORITATI PUBLICE SI ACTIUNI EXTERNE,Autoritati publice si actiuni externe,TITLUL XIV FONDUL NATIONAL DE DEZVOLTARE,,,,
RO81TREZ23A510000750000X,AUTORITATI PUBLICE SI ACTIUNI EXTERNE,Autoritati publice si actiuni externe,TITLUL XIV FONDUL NATIONAL DE DEZVOLTARE,,,,
RO25TREZ23A510000800000X,AUTORITATI PUBLICE SI ACTIUNI EXTERNE,IMPRUMUTURI,,,,,
RO72TREZ23A510000810000X,AUTORITATI PUBLICE SI ACTIUNI EXTERNE,RAMBURSARI DE CREDITE,,,,,
RO66TREZ23A510000850000X,AUTORITATI PUBLICE SI ACTIUNI EXTERNE,PLATI EFECTUATE IN ANII PRECEDENTI SI RECUPERATE IN ANUL CURENT,,,,,
RO49TREZ23A530000100000X,CERCETARE FUNDAMENTALA SI CERCETARE DEZVOLTARE,CHELTUIELI DE PERSONAL,,,,,
RO34TREZ23A530000200000X,CERCETARE FUNDAMENTALA SI CERCETARE DEZVOLTARE,BUNURI SI SERVICII,,,,,
RO19TREZ23A530000300000X,CERCETARE FUNDAMENTALA SI CERCETARE DEZVOLTARE,DOBANZI,,,,,
RO04TREZ23A530000400000X,CERCETARE FUNDAMENTALA SI CERCETARE DEZVOLTARE,SUBVENTII,,,,,
RO36TREZ23A530000510000X,CERCETARE FUNDAMENTALA SI CERCETARE DEZVOLTARE,TRANSFERURI INTRE UNITATI ALE ADMINISTRATIEI PUBLICE,,,,,
RO30TREZ23A530000550000X,CERCETARE FUNDAMENTALA SI CERCETARE DEZVOLTARE,ALTE TRANSFERURI,,,,,
RO77TREZ23A530000560000X,CERCETARE FUNDAMENTALA SI CERCETARE DEZVOLTARE,PROIECTE CU FINANTARE DIN FONDURI EXTERNE NERAMBURSABILE (FEN) POSTADERARE,,,,,
RO27TREZ23A530000570000X,CERCETARE FUNDAMENTALA SI CERCETARE DEZVOLTARE,ASISTENTA SOCIALA,,,,,
RO24TREZ23A530000590000X,CERCETARE FUNDAMENTALA SI CERCETARE DEZVOLTARE,ALTE CHELTUIELI,,,,,
RO15TREZ23A530000650000X,CERCETARE FUNDAMENTALA SI CERCETARE DEZVOLTARE,CHELTUIELI AFERENTE PROGRAMELOR CU FINANTARE RAMBURSABILA,,,,,
RO06TREZ23A530000710000X,CERCETARE FUNDAMENTALA SI CERCETARE DEZVOLTARE,ACTIVE NEFINANCIARE,,,,,
RO53TREZ23A530000720000X,CERCETARE FUNDAMENTALA SI CERCETARE DEZVOLTARE,ACTIVE FINANCIARE,,,,,
RO97TREZ23A530000750000X,CERCETARE FUNDAMENTALA SI CERCETARE DEZVOLTARE,FONDUL NATIONAL DE DEZVOLTARE,,,,,
RO97TREZ23A530000750000X,CERCETARE FUNDAMENTALA SI CERCETARE DEZVOLTARE,Cercetare fundamentala si cercetare dezvoltare,TITLUL XIV FONDUL NATIONAL DE DEZVOLTARE,,,,
RO97TREZ23A530000750000X,CERCETARE FUNDAMENTALA SI CERCETARE DEZVOLTARE,Cercetare fundamentala si cercetare dezvoltare,TITLUL XIV FONDUL NATIONAL DE DEZVOLTARE,,,,
RO97TREZ23A530000750000X,CERCETARE FUNDAMENTALA SI CERCETARE DEZVOLTARE,Cercetare fundamentala si cercetare dezvoltare,TITLUL XIV FONDUL NATIONAL DE DEZVOLTARE,,,,
RO41TREZ23A530000800000X,CERCETARE FUNDAMENTALA SI CERCETARE DEZVOLTARE,IMPRUMUTURI,,,,,
RO88TREZ23A530000810000X,CERCETARE FUNDAMENTALA SI CERCETARE DEZVOLTARE,RAMBURSARI DE CREDITE,,,,,
RO82TREZ23A530000850000X,CERCETARE FUNDAMENTALA SI CERCETARE DEZVOLTARE,PLATI EFECTUATE IN ANII PRECEDENTI SI RECUPERATE IN ANUL CURENT,,,,,
RO57TREZ23A540000100000X,ALTE SERVICII PUBLICE GENERALE,CHELTUIELI DE PERSONAL,,,,,
RO42TREZ23A540000200000X,ALTE SERVICII PUBLICE GENERALE,BUNURI SI SERVICII,,,,,
RO27TREZ23A540000300000X,ALTE SERVICII PUBLICE GENERALE,DOBANZI,,,,,
RO12TREZ23A540000400000X,ALTE SERVICII PUBLICE GENERALE,SUBVENTII,,,,,
RO44TREZ23A540000510000X,ALTE SERVICII PUBLICE GENERALE,TRANSFERURI INTRE UNITATI ALE ADMINISTRATIEI PUBLICE,,,,,
RO38TREZ23A540000550000X,ALTE SERVICII PUBLICE GENERALE,ALTE TRANSFERURI,,,,,
RO85TREZ23A540000560000X,ALTE SERVICII PUBLICE GENERALE,PROIECTE CU FINANTARE DIN FONDURI EXTERNE NERAMBURSABILE (FEN) POSTADERARE,,,,,
RO35TREZ23A540000570000X,ALTE SERVICII PUBLICE GENERALE,ASISTENTA SOCIALA,,,,,
RO32TREZ23A540000590000X,ALTE SERVICII PUBLICE GENERALE,ALTE CHELTUIELI,,,,,
RO23TREZ23A540000650000X,ALTE SERVICII PUBLICE GENERALE,CHELTUIELI AFERENTE PROGRAMELOR CU FINANTARE RAMBURSABILA,,,,,
RO14TREZ23A540000710000X,ALTE SERVICII PUBLICE GENERALE,ACTIVE NEFINANCIARE,,,,,
RO61TREZ23A540000720000X,ALTE SERVICII PUBLICE GENERALE,ACTIVE FINANCIARE,,,,,
RO08TREZ23A540000750000X,ALTE SERVICII PUBLICE GENERALE,FONDUL NATIONAL DE DEZVOLTARE,,,,,
RO08TREZ23A540000750000X,ALTE SERVICII PUBLICE GENERALE,Alte servicii publice generale,TITLUL XIV FONDUL NATIONAL DE DEZVOLTARE,,,,
RO08TREZ23A540000750000X,ALTE SERVICII PUBLICE GENERALE,Alte servicii publice generale,TITLUL XIV FONDUL NATIONAL DE DEZVOLTARE,,,,
RO08TREZ23A540000750000X,ALTE SERVICII PUBLICE GENERALE,Alte servicii publice generale,TITLUL XIV FONDUL NATIONAL DE DEZVOLTARE,,,,
RO49TREZ23A540000800000X,ALTE SERVICII PUBLICE GENERALE,IMPRUMUTURI,,,,,
RO96TREZ23A540000810000X,ALTE SERVICII PUBLICE GENERALE,RAMBURSARI DE CREDITE,,,,,
RO90TREZ23A540000850000X,ALTE SERVICII PUBLICE GENERALE,PLATI EFECTUATE IN ANII PRECEDENTI SI RECUPERATE IN ANUL CURENT,,,,,
RO65TREZ23A550000100000X,TRANZACTII PRIVIND DATORIA PUBLICA SI IMPRUMUTURI,CHELTUIELI DE PERSONAL,,,,,
RO50TREZ23A550000200000X,TRANZACTII PRIVIND DATORIA PUBLICA SI IMPRUMUTURI,BUNURI SI SERVICII,,,,,
RO35TREZ23A550000300000X,TRANZACTII PRIVIND DATORIA PUBLICA SI IMPRUMUTURI,DOBANZI,,,,,
RO20TREZ23A550000400000X,TRANZACTII PRIVIND DATORIA PUBLICA SI IMPRUMUTURI,SUBVENTII,,,,,
RO52TREZ23A550000510000X,TRANZACTII PRIVIND DATORIA PUBLICA SI IMPRUMUTURI,TRANSFERURI INTRE UNITATI ALE ADMINISTRATIEI PUBLICE,,,,,
RO46TREZ23A550000550000X,TRANZACTII PRIVIND DATORIA PUBLICA SI IMPRUMUTURI,ALTE TRANSFERURI,,,,,
RO93TREZ23A550000560000X,TRANZACTII PRIVIND DATORIA PUBLICA SI IMPRUMUTURI,PROIECTE CU FINANTARE DIN FONDURI EXTERNE NERAMBURSABILE (FEN) POSTADERARE,,,,,
RO43TREZ23A550000570000X,TRANZACTII PRIVIND DATORIA PUBLICA SI IMPRUMUTURI,ASISTENTA SOCIALA,,,,,
RO40TREZ23A550000590000X,TRANZACTII PRIVIND DATORIA PUBLICA SI IMPRUMUTURI,ALTE CHELTUIELI,,,,,
RO31TREZ23A550000650000X,TRANZACTII PRIVIND DATORIA PUBLICA SI IMPRUMUTURI,CHELTUIELI AFERENTE PROGRAMELOR CU FINANTARE RAMBURSABILA,,,,,
RO22TREZ23A550000710000X,TRANZACTII PRIVIND DATORIA PUBLICA SI IMPRUMUTURI,ACTIVE NEFINANCIARE,,,,,
RO69TREZ23A550000720000X,TRANZACTII PRIVIND DATORIA PUBLICA SI IMPRUMUTURI,ACTIVE FINANCIARE,,,,,
RO16TREZ23A550000750000X,TRANZACTII PRIVIND DATORIA PUBLICA SI IMPRUMUTURI,FONDUL NATIONAL DE DEZVOLTARE,,,,,
RO16TREZ23A550000750000X,TRANZACTII PRIVIND DATORIA PUBLICA SI IMPRUMUTURI,Tranzactii privind datoria publica si imprumuturi,TITLUL XIV FONDUL NATIONAL DE DEZVOLTARE,,,,
RO16TREZ23A550000750000X,TRANZACTII PRIVIND DATORIA PUBLICA SI IMPRUMUTURI,Tranzactii privind datoria publica si imprumuturi,TITLUL XIV FONDUL NATIONAL DE DEZVOLTARE,,,,
RO16TREZ23A550000750000X,TRANZACTII PRIVIND DATORIA PUBLICA SI IMPRUMUTURI,Tranzactii privind datoria publica si imprumuturi,TITLUL XIV FONDUL NATIONAL DE DEZVOLTARE,,,,
RO57TREZ23A550000800000X,TRANZACTII PRIVIND DATORIA PUBLICA SI IMPRUMUTURI,IMPRUMUTURI,,,,,
RO07TREZ23A550000810000X,TRANZACTII PRIVIND DATORIA PUBLICA SI IMPRUMUTURI,RAMBURSARI DE CREDITE,,,,,
RO98TREZ23A550000850000X,TRANZACTII PRIVIND DATORIA PUBLICA SI IMPRUMUTURI,PLATI EFECTUATE IN ANII PRECEDENTI SI RECUPERATE IN ANUL CURENT,,,,,
RO73TREZ23A560000100000X,TRANSFERURI CU CARACTER GENERAL INTRE DIFERITE NIVELE ALE ADMINISTRATIEI,CHELTUIELI DE PERSONAL,,,,,
RO58TREZ23A560000200000X,TRANSFERURI CU CARACTER GENERAL INTRE DIFERITE NIVELE ALE ADMINISTRATIEI,BUNURI SI SERVICII,,,,,
RO43TREZ23A560000300000X,TRANSFERURI CU CARACTER GENERAL INTRE DIFERITE NIVELE ALE ADMINISTRATIEI,DOBANZI,,,,,
RO28TREZ23A560000400000X,TRANSFERURI CU CARACTER GENERAL INTRE DIFERITE NIVELE ALE ADMINISTRATIEI,SUBVENTII,,,,,
RO60TREZ23A560000510000X,TRANSFERURI CU CARACTER GENERAL INTRE DIFERITE NIVELE ALE ADMINISTRATIEI,TRANSFERURI INTRE UNITATI ALE ADMINISTRATIEI PUBLICE,,,,,
RO54TREZ23A560000550000X,TRANSFERURI CU CARACTER GENERAL INTRE DIFERITE NIVELE ALE ADMINISTRATIEI,ALTE TRANSFERURI,,,,,
RO04TREZ23A560000560000X,TRANSFERURI CU CARACTER GENERAL INTRE DIFERITE NIVELE ALE ADMINISTRATIEI,PROIECTE CU FINANTARE DIN FONDURI EXTERNE NERAMBURSABILE (FEN) POSTADERARE,,,,,
RO51TREZ23A560000570000X,TRANSFERURI CU CARACTER GENERAL INTRE DIFERITE NIVELE ALE ADMINISTRATIEI,ASISTENTA SOCIALA,,,,,
RO48TREZ23A560000590000X,TRANSFERURI CU CARACTER GENERAL INTRE DIFERITE NIVELE ALE ADMINISTRATIEI,ALTE CHELTUIELI,,,,,
RO39TREZ23A560000650000X,TRANSFERURI CU CARACTER GENERAL INTRE DIFERITE NIVELE ALE ADMINISTRATIEI,CHELTUIELI AFERENTE PROGRAMELOR CU FINANTARE RAMBURSABILA,,,,,
RO30TREZ23A560000710000X,TRANSFERURI CU CARACTER GENERAL INTRE DIFERITE NIVELE ALE ADMINISTRATIEI,ACTIVE NEFINANCIARE,,,,,
RO77TREZ23A560000720000X,TRANSFERURI CU CARACTER GENERAL INTRE DIFERITE NIVELE ALE ADMINISTRATIEI,ACTIVE FINANCIARE,,,,,
RO24TREZ23A560000750000X,TRANSFERURI CU CARACTER GENERAL INTRE DIFERITE NIVELE ALE ADMINISTRATIEI,FONDUL NATIONAL DE DEZVOLTARE,,,,,
RO24TREZ23A560000750000X,TRANSFERURI CU CARACTER GENERAL INTRE DIFERITE NIVELE ALE ADMINISTRATIEI,Transferuri cu caracter general intre diferite nivele ale administratiei,TITLUL XIV FONDUL NATIONAL DE DEZVOLTARE,,,,
RO24TREZ23A560000750000X,TRANSFERURI CU CARACTER GENERAL INTRE DIFERITE NIVELE ALE ADMINISTRATIEI,Transferuri cu caracter general intre diferite nivele ale administratiei,TITLUL XIV FONDUL NATIONAL DE DEZVOLTARE,,,,
RO24TREZ23A560000750000X,TRANSFERURI CU CARACTER GENERAL INTRE DIFERITE NIVELE ALE ADMINISTRATIEI,Transferuri cu caracter general intre diferite nivele ale administratiei,TITLUL XIV FONDUL NATIONAL DE DEZVOLTARE,,,,
RO65TREZ23A560000800000X,TRANSFERURI CU CARACTER GENERAL INTRE DIFERITE NIVELE ALE ADMINISTRATIEI,IMPRUMUTURI,,,,,
RO15TREZ23A560000810000X,TRANSFERURI CU CARACTER GENERAL INTRE DIFERITE NIVELE ALE ADMINISTRATIEI,RAMBURSARI DE CREDITE,,,,,
RO09TREZ23A560000850000X,TRANSFERURI CU CARACTER GENERAL INTRE DIFERITE NIVELE ALE ADMINISTRATIEI,PLATI EFECTUATE IN ANII PRECEDENTI SI RECUPERATE IN ANUL CURENT,,,,,
RO32TREZ23A570000750000X,CHELTUIELI ALE BUGETULUI LOCAL,PLATI EFECTUATE IN ANII PRECEDENTI SI RECUPERATE IN ANUL CURENT,Transferuri cu caracter general intre diferite nivele ale administratiei,TITLUL XIV FONDUL NATIONAL DE DEZVOLTARE,,,
RO32TREZ23A570000750000X,CHELTUIELI ALE BUGETULUI LOCAL,PLATI EFECTUATE IN ANII PRECEDENTI SI RECUPERATE IN ANUL CURENT,,,,,
RO32TREZ23A570000750000X,CHELTUIELI ALE BUGETULUI LOCAL,PLATI EFECTUATE IN ANII PRECEDENTI SI RECUPERATE IN ANUL CURENT,,,,,
RO08TREZ23A600000100000X,APARARE,CHELTUIELI DE PERSONAL,,,,,
RO90TREZ23A600000200000X,APARARE,BUNURI SI SERVICII,,,,,
RO75TREZ23A600000300000X,APARARE,DOBANZI,,,,,
RO60TREZ23A600000400000X,APARARE,SUBVENTII,,,,,
RO92TREZ23A600000510000X,APARARE,TRANSFERURI INTRE UNITATI ALE ADMINISTRATIEI PUBLICE,,,,,
RO86TREZ23A600000550000X,APARARE,ALTE TRANSFERURI,,,,,
RO36TREZ23A600000560000X,APARARE,PROIECTE CU FINANTARE DIN FONDURI EXTERNE NERAMBURSABILE (FEN) POSTADERARE,,,,,
RO83TREZ23A600000570000X,APARARE,ASISTENTA SOCIALA,,,,,
RO80TREZ23A600000590000X,APARARE,ALTE CHELTUIELI,,,,,
RO71TREZ23A600000650000X,APARARE,CHELTUIELI AFERENTE PROGRAMELOR CU FINANTARE RAMBURSABILA,,,,,
RO62TREZ23A600000710000X,APARARE,ACTIVE NEFINANCIARE,,,,,
RO12TREZ23A600000720000X,APARARE,ACTIVE FINANCIARE,,,,,
RO56TREZ23A600000750000X,APARARE,FONDUL NATIONAL DE DEZVOLTARE,,,,,
RO56TREZ23A600000750000X,APARARE,Aparare,TITLUL XIV FONDUL NATIONAL DE DEZVOLTARE,,,,
RO56TREZ23A600000750000X,APARARE,Aparare,TITLUL XIV FONDUL NATIONAL DE DEZVOLTARE,,,,
RO56TREZ23A600000750000X,APARARE,Aparare,TITLUL XIV FONDUL NATIONAL DE DEZVOLTARE,,,,
RO97TREZ23A600000800000X,APARARE,IMPRUMUTURI,,,,,
RO47TREZ23A600000810000X,APARARE,RAMBURSARI DE CREDITE,,,,,
RO41TREZ23A600000850000X,APARARE,PLATI EFECTUATE IN ANII PRECEDENTI SI RECUPERATE IN ANUL CURENT,,,,,
RO16TREZ23A610000100000X,ORDINE PUBLICA SI SIGURANTA NATIONALA,CHELTUIELI DE PERSONAL,,,,,
RO98TREZ23A610000200000X,ORDINE PUBLICA SI SIGURANTA NATIONALA,BUNURI SI SERVICII,,,,,
RO83TREZ23A610000300000X,ORDINE PUBLICA SI SIGURANTA NATIONALA,DOBANZI,,,,,
RO68TREZ23A610000400000X,ORDINE PUBLICA SI SIGURANTA NATIONALA,SUBVENTII,,,,,
RO03TREZ23A610000510000X,ORDINE PUBLICA SI SIGURANTA NATIONALA,TRANSFERURI INTRE UNITATI ALE ADMINISTRATIEI PUBLICE,,,,,
RO94TREZ23A610000550000X,ORDINE PUBLICA SI SIGURANTA NATIONALA,ALTE TRANSFERURI,,,,,
RO44TREZ23A610000560000X,ORDINE PUBLICA SI SIGURANTA NATIONALA,PROIECTE CU FINANTARE DIN FONDURI EXTERNE NERAMBURSABILE (FEN) POSTADERARE,,,,,
RO91TREZ23A610000570000X,ORDINE PUBLICA SI SIGURANTA NATIONALA,ASISTENTA SOCIALA,,,,,
RO88TREZ23A610000590000X,ORDINE PUBLICA SI SIGURANTA NATIONALA,ALTE CHELTUIELI,,,,,
RO79TREZ23A610000650000X,ORDINE PUBLICA SI SIGURANTA NATIONALA,CHELTUIELI AFERENTE PROGRAMELOR CU FINANTARE RAMBURSABILA,,,,,
RO70TREZ23A610000710000X,ORDINE PUBLICA SI SIGURANTA NATIONALA,ACTIVE NEFINANCIARE,,,,,
RO20TREZ23A610000720000X,ORDINE PUBLICA SI SIGURANTA NATIONALA,ACTIVE FINANCIARE,,,,,
RO64TREZ23A610000750000X,ORDINE PUBLICA SI SIGURANTA NATIONALA,FONDUL NATIONAL DE DEZVOLTARE,,,,,
RO64TREZ23A610000750000X,ORDINE PUBLICA SI SIGURANTA NATIONALA,Ordine publica si siguranta nationala,TITLUL XIV FONDUL NATIONAL DE DEZVOLTARE,,,,
RO64TREZ23A610000750000X,ORDINE PUBLICA SI SIGURANTA NATIONALA,Ordine publica si siguranta nationala,TITLUL XIV FONDUL NATIONAL DE DEZVOLTARE,,,,
RO64TREZ23A610000750000X,ORDINE PUBLICA SI SIGURANTA NATIONALA,Ordine publica si siguranta nationala,TITLUL XIV FONDUL NATIONAL DE DEZVOLTARE,,,,
RO08TREZ23A610000800000X,ORDINE PUBLICA SI SIGURANTA NATIONALA,IMPRUMUTURI,,,,,
RO55TREZ23A610000810000X,ORDINE PUBLICA SI SIGURANTA NATIONALA,RAMBURSARI DE CREDITE,,,,,
RO49TREZ23A610000850000X,ORDINE PUBLICA SI SIGURANTA NATIONALA,PLATI EFECTUATE IN ANII PRECEDENTI SI RECUPERATE IN ANUL CURENT,,,,,
RO48TREZ23A650000100000X,INVATAMANT,CHELTUIELI DE PERSONAL,,,,,
RO33TREZ23A650000200000X,INVATAMANT,BUNURI SI SERVICII,,,,,
RO18TREZ23A650000300000X,INVATAMANT,DOBANZI,,,,,
RO03TREZ23A650000400000X,INVATAMANT,SUBVENTII,,,,,
RO35TREZ23A650000510000X,INVATAMANT,TRANSFERURI INTRE UNITATI ALE ADMINISTRATIEI PUBLICE,,,,,
RO29TREZ23A650000550000X,INVATAMANT,ALTE TRANSFERURI,,,,,
RO76TREZ23A650000560000X,INVATAMANT,PROIECTE CU FINANTARE DIN FONDURI EXTERNE NERAMBURSABILE (FEN) POSTADERARE,,,,,
RO26TREZ23A650000570000X,INVATAMANT,ASISTENTA SOCIALA,,,,,
RO23TREZ23A650000590000X,INVATAMANT,ALTE CHELTUIELI,,,,,
RO14TREZ23A650000650000X,INVATAMANT,CHELTUIELI AFERENTE PROGRAMELOR CU FINANTARE RAMBURSABILA,,,,,
RO05TREZ23A650000710000X,INVATAMANT,ACTIVE NEFINANCIARE,,,,,
RO52TREZ23A650000720000X,INVATAMANT,ACTIVE FINANCIARE,,,,,
RO96TREZ23A650000750000X,INVATAMANT,FONDUL NATIONAL DE DEZVOLTARE,,,,,
RO96TREZ23A650000750000X,INVATAMANT,Invatamant,TITLUL XIV FONDUL NATIONAL DE DEZVOLTARE,,,,
RO96TREZ23A650000750000X,INVATAMANT,Invatamant,TITLUL XIV FONDUL NATIONAL DE DEZVOLTARE,,,,
RO96TREZ23A650000750000X,INVATAMANT,Invatamant,TITLUL XIV FONDUL NATIONAL DE DEZVOLTARE,,,,
RO40TREZ23A650000800000X,INVATAMANT,IMPRUMUTURI,,,,,
RO87TREZ23A650000810000X,INVATAMANT,RAMBURSARI DE CREDITE,,,,,
RO81TREZ23A650000850000X,INVATAMANT,PLATI EFECTUATE IN ANII PRECEDENTI SI RECUPERATE IN ANUL CURENT,,,,,
RO56TREZ23A660000100000X,SANATATE,CHELTUIELI DE PERSONAL,,,,,
RO41TREZ23A660000200000X,SANATATE,BUNURI SI SERVICII,,,,,
RO26TREZ23A660000300000X,SANATATE,DOBANZI,,,,,
RO11TREZ23A660000400000X,SANATATE,SUBVENTII,,,,,
RO43TREZ23A660000510000X,SANATATE,TRANSFERURI INTRE UNITATI ALE ADMINISTRATIEI PUBLICE,,,,,
RO37TREZ23A660000550000X,SANATATE,ALTE TRANSFERURI,,,,,
RO84TREZ23A660000560000X,SANATATE,PROIECTE CU FINANTARE DIN FONDURI EXTERNE NERAMBURSABILE (FEN) POSTADERARE,,,,,
RO34TREZ23A660000570000X,SANATATE,ASISTENTA SOCIALA,,,,,
RO31TREZ23A660000590000X,SANATATE,ALTE CHELTUIELI,,,,,
RO22TREZ23A660000650000X,SANATATE,CHELTUIELI AFERENTE PROGRAMELOR CU FINANTARE RAMBURSABILA,,,,,
RO13TREZ23A660000710000X,SANATATE,ACTIVE NEFINANCIARE,,,,,
RO60TREZ23A660000720000X,SANATATE,ACTIVE FINANCIARE,,,,,
RO07TREZ23A660000750000X,SANATATE,FONDUL NATIONAL DE DEZVOLTARE,,,,,
RO07TREZ23A660000750000X,SANATATE,Sanatate,TITLUL XIV FONDUL NATIONAL DE DEZVOLTARE,,,,
RO07TREZ23A660000750000X,SANATATE,Sanatate,TITLUL XIV FONDUL NATIONAL DE DEZVOLTARE,,,,
RO07TREZ23A660000750000X,SANATATE,Sanatate,TITLUL XIV FONDUL NATIONAL DE DEZVOLTARE,,,,
RO48TREZ23A660000800000X,SANATATE,IMPRUMUTURI,,,,,
RO95TREZ23A660000810000X,SANATATE,RAMBURSARI DE CREDITE,,,,,
RO89TREZ23A660000850000X,SANATATE,PLATI EFECTUATE IN ANII PRECEDENTI SI RECUPERATE IN ANUL CURENT,,,,,
RO64TREZ23A670000100000X,CULTURA,RECREERE SI RELIGIE,CHELTUIELI DE PERSONAL,,,,
RO49TREZ23A670000200000X,CULTURA,RECREERE SI RELIGIE,BUNURI SI SERVICII,,,,
RO34TREZ23A670000300000X,CULTURA,RECREERE SI RELIGIE,DOBANZI,,,,
RO19TREZ23A670000400000X,CULTURA,RECREERE SI RELIGIE,SUBVENTII,,,,
RO51TREZ23A670000510000X,CULTURA,RECREERE SI RELIGIE,TRANSFERURI INTRE UNITATI ALE ADMINISTRATIEI PUBLICE,,,,
RO45TREZ23A670000550000X,CULTURA,RECREERE SI RELIGIE,ALTE TRANSFERURI,,,,
RO92TREZ23A670000560000X,CULTURA,RECREERE SI RELIGIE,PROIECTE CU FINANTARE DIN FONDURI EXTERNE NERAMBURSABILE (FEN) POSTADERARE,,,,
RO42TREZ23A670000570000X,CULTURA,RECREERE SI RELIGIE,ASISTENTA SOCIALA,,,,
RO39TREZ23A670000590000X,CULTURA,RECREERE SI RELIGIE,ALTE CHELTUIELI,,,,
RO30TREZ23A670000650000X,CULTURA,RECREERE SI RELIGIE,CHELTUIELI AFERENTE PROGRAMELOR CU FINANTARE RAMBURSABILA,,,,
RO21TREZ23A670000710000X,CULTURA,RECREERE SI RELIGIE,ACTIVE NEFINANCIARE,,,,
RO68TREZ23A670000720000X,CULTURA,RECREERE SI RELIGIE,ACTIVE FINANCIARE,,,,
RO15TREZ23A670000750000X,CULTURA,RECREERE SI RELIGIE,FONDUL NATIONAL DE DEZVOLTARE,,,,
RO15TREZ23A670000750000X,CULTURA,RECREERE SI RELIGIE,Cultura,recreere si religie,TITLUL XIV FONDUL NATIONAL DE DEZVOLTARE,,
RO15TREZ23A670000750000X,CULTURA,RECREERE SI RELIGIE,Cultura,recreere si religie,TITLUL XIV FONDUL NATIONAL DE DEZVOLTARE,,
RO15TREZ23A670000750000X,CULTURA,RECREERE SI RELIGIE,Cultura,recreere si religie,TITLUL XIV FONDUL NATIONAL DE DEZVOLTARE,,
RO56TREZ23A670000800000X,CULTURA,RECREERE SI RELIGIE,IMPRUMUTURI,,,,
RO06TREZ23A670000810000X,CULTURA,RECREERE SI RELIGIE,RAMBURSARI DE CREDITE,,,,
RO97TREZ23A670000850000X,CULTURA,RECREERE SI RELIGIE,PLATI EFECTUATE IN ANII PRECEDENTI SI RECUPERATE IN ANUL CURENT,,,,
RO72TREZ23A680000100000X,ASIGURARI SI ASISTENTA SOCIALA,CHELTUIELI DE PERSONAL,,,,,
RO57TREZ23A680000200000X,ASIGURARI SI ASISTENTA SOCIALA,BUNURI SI SERVICII,,,,,
RO42TREZ23A680000300000X,ASIGURARI SI ASISTENTA SOCIALA,DOBANZI,,,,,
RO27TREZ23A680000400000X,ASIGURARI SI ASISTENTA SOCIALA,SUBVENTII,,,,,
RO59TREZ23A680000510000X,ASIGURARI SI ASISTENTA SOCIALA,TRANSFERURI INTRE UNITATI ALE ADMINISTRATIEI PUBLICE,,,,,
RO53TREZ23A680000550000X,ASIGURARI SI ASISTENTA SOCIALA,ALTE TRANSFERURI,,,,,
RO03TREZ23A680000560000X,ASIGURARI SI ASISTENTA SOCIALA,PROIECTE CU FINANTARE DIN FONDURI EXTERNE NERAMBURSABILE (FEN) POSTADERARE,,,,,
RO50TREZ23A680000570000X,ASIGURARI SI ASISTENTA SOCIALA,ASISTENTA SOCIALA,,,,,
RO47TREZ23A680000590000X,ASIGURARI SI ASISTENTA SOCIALA,ALTE CHELTUIELI,,,,,
RO38TREZ23A680000650000X,ASIGURARI SI ASISTENTA SOCIALA,CHELTUIELI AFERENTE PROGRAMELOR CU FINANTARE RAMBURSABILA,,,,,
RO29TREZ23A680000710000X,ASIGURARI SI ASISTENTA SOCIALA,ACTIVE NEFINANCIARE,,,,,
RO76TREZ23A680000720000X,ASIGURARI SI ASISTENTA SOCIALA,ACTIVE FINANCIARE,,,,,
RO23TREZ23A680000750000X,ASIGURARI SI ASISTENTA SOCIALA,FONDUL NATIONAL DE DEZVOLTARE,,,,,
RO23TREZ23A680000750000X,ASIGURARI SI ASISTENTA SOCIALA,Asigurari si asistenta sociala,TITLUL XIV FONDUL NATIONAL DE DEZVOLTARE,,,,
RO23TREZ23A680000750000X,ASIGURARI SI ASISTENTA SOCIALA,Asigurari si asistenta sociala,TITLUL XIV FONDUL NATIONAL DE DEZVOLTARE,,,,
RO23TREZ23A680000750000X,ASIGURARI SI ASISTENTA SOCIALA,Asigurari si asistenta sociala,TITLUL XIV FONDUL NATIONAL DE DEZVOLTARE,,,,
RO64TREZ23A680000800000X,ASIGURARI SI ASISTENTA SOCIALA,IMPRUMUTURI,,,,,
RO14TREZ23A680000810000X,ASIGURARI SI ASISTENTA SOCIALA,RAMBURSARI DE CREDITE,,,,,
RO08TREZ23A680000850000X,ASIGURARI SI ASISTENTA SOCIALA,PLATI EFECTUATE IN ANII PRECEDENTI SI RECUPERATE IN ANUL CURENT,,,,,
RO88TREZ23A700000100000X,LOCUINTE,SERVICII SI DEZVOLTARE PUBLICA,CHELTUIELI DE PERSONAL,,,,
RO73TREZ23A700000200000X,LOCUINTE,SERVICII SI DEZVOLTARE PUBLICA,BUNURI SI SERVICII,,,,
RO58TREZ23A700000300000X,LOCUINTE,SERVICII SI DEZVOLTARE PUBLICA,DOBANZI,,,,
RO43TREZ23A700000400000X,LOCUINTE,SERVICII SI DEZVOLTARE PUBLICA,SUBVENTII,,,,
RO75TREZ23A700000510000X,LOCUINTE,SERVICII SI DEZVOLTARE PUBLICA,TRANSFERURI INTRE UNITATI ALE ADMINISTRATIEI PUBLICE,,,,
RO69TREZ23A700000550000X,LOCUINTE,SERVICII SI DEZVOLTARE PUBLICA,ALTE TRANSFERURI,,,,
RO19TREZ23A700000560000X,LOCUINTE,SERVICII SI DEZVOLTARE PUBLICA,PROIECTE CU FINANTARE DIN FONDURI EXTERNE NERAMBURSABILE (FEN) POSTADERARE,,,,
RO66TREZ23A700000570000X,LOCUINTE,SERVICII SI DEZVOLTARE PUBLICA,ASISTENTA SOCIALA,,,,
RO63TREZ23A700000590000X,LOCUINTE,SERVICII SI DEZVOLTARE PUBLICA,ALTE CHELTUIELI,,,,
RO54TREZ23A700000650000X,LOCUINTE,SERVICII SI DEZVOLTARE PUBLICA,CHELTUIELI AFERENTE PROGRAMELOR CU FINANTARE RAMBURSABILA,,,,
RO45TREZ23A700000710000X,LOCUINTE,SERVICII SI DEZVOLTARE PUBLICA,ACTIVE NEFINANCIARE,,,,
RO92TREZ23A700000720000X,LOCUINTE,SERVICII SI DEZVOLTARE PUBLICA,ACTIVE FINANCIARE,,,,
RO39TREZ23A700000750000X,LOCUINTE,SERVICII SI DEZVOLTARE PUBLICA,FONDUL NATIONAL DE DEZVOLTARE,,,,
RO39TREZ23A700000750000X,LOCUINTE,SERVICII SI DEZVOLTARE PUBLICA,Locuinte,servicii si dezvoltare publica,TITLUL XIV FONDUL NATIONAL DE DEZVOLTARE,,
RO39TREZ23A700000750000X,LOCUINTE,SERVICII SI DEZVOLTARE PUBLICA,Locuinte,servicii si dezvoltare publica,TITLUL XIV FONDUL NATIONAL DE DEZVOLTARE,,
RO39TREZ23A700000750000X,LOCUINTE,SERVICII SI DEZVOLTARE PUBLICA,Locuinte,servicii si dezvoltare publica,TITLUL XIV FONDUL NATIONAL DE DEZVOLTARE,,
RO80TREZ23A700000800000X,LOCUINTE,SERVICII SI DEZVOLTARE PUBLICA,IMPRUMUTURI,,,,
RO30TREZ23A700000810000X,LOCUINTE,SERVICII SI DEZVOLTARE PUBLICA,RAMBURSARI DE CREDITE,,,,
RO24TREZ23A700000850000X,LOCUINTE,SERVICII SI DEZVOLTARE PUBLICA,PLATI EFECTUATE IN ANII PRECEDENTI SI RECUPERATE IN ANUL CURENT,,,,
RO23TREZ23A740000100000X,PROTECTIA MEDIULUI,CHELTUIELI DE PERSONAL,,,,,
RO08TREZ23A740000200000X,PROTECTIA MEDIULUI,BUNURI SI SERVICII,,,,,
RO90TREZ23A740000300000X,PROTECTIA MEDIULUI,DOBANZI,,,,,
RO75TREZ23A740000400000X,PROTECTIA MEDIULUI,SUBVENTII,,,,,
RO10TREZ23A740000510000X,PROTECTIA MEDIULUI,TRANSFERURI INTRE UNITATI ALE ADMINISTRATIEI PUBLICE,,,,,
RO04TREZ23A740000550000X,PROTECTIA MEDIULUI,ALTE TRANSFERURI,,,,,
RO51TREZ23A740000560000X,PROTECTIA MEDIULUI,PROIECTE CU FINANTARE DIN FONDURI EXTERNE NERAMBURSABILE (FEN) POSTADERARE,,,,,
RO98TREZ23A740000570000X,PROTECTIA MEDIULUI,ASISTENTA SOCIALA,,,,,
RO95TREZ23A740000590000X,PROTECTIA MEDIULUI,ALTE CHELTUIELI,,,,,
RO86TREZ23A740000650000X,PROTECTIA MEDIULUI,CHELTUIELI AFERENTE PROGRAMELOR CU FINANTARE RAMBURSABILA,,,,,
RO77TREZ23A740000710000X,PROTECTIA MEDIULUI,ACTIVE NEFINANCIARE,,,,,
RO27TREZ23A740000720000X,PROTECTIA MEDIULUI,ACTIVE FINANCIARE,,,,,
RO71TREZ23A740000750000X,PROTECTIA MEDIULUI,FONDUL NATIONAL DE DEZVOLTARE,,,,,
RO71TREZ23A740000750000X,PROTECTIA MEDIULUI,Protectia mediului,TITLUL XIV FONDUL NATIONAL DE DEZVOLTARE,,,,
RO71TREZ23A740000750000X,PROTECTIA MEDIULUI,Protectia mediului,TITLUL XIV FONDUL NATIONAL DE DEZVOLTARE,,,,
RO71TREZ23A740000750000X,PROTECTIA MEDIULUI,Protectia mediului,TITLUL XIV FONDUL NATIONAL DE DEZVOLTARE,,,,
RO15TREZ23A740000800000X,PROTECTIA MEDIULUI,IMPRUMUTURI,,,,,
RO62TREZ23A740000810000X,PROTECTIA MEDIULUI,RAMBURSARI DE CREDITE,,,,,
RO56TREZ23A740000850000X,PROTECTIA MEDIULUI,PLATI EFECTUATE IN ANII PRECEDENTI SI RECUPERATE IN ANUL CURENT,,,,,
RO71TREZ23A800000100000X,ACTIUNI GENERALE ECONOMICE,COMERCIALE SI DE MUNCA,CHELTUIELI DE PERSONAL,,,,
RO56TREZ23A800000200000X,ACTIUNI GENERALE ECONOMICE,COMERCIALE SI DE MUNCA,BUNURI SI SERVICII,,,,
RO41TREZ23A800000300000X,ACTIUNI GENERALE ECONOMICE,COMERCIALE SI DE MUNCA,DOBANZI,,,,
RO26TREZ23A800000400000X,ACTIUNI GENERALE ECONOMICE,COMERCIALE SI DE MUNCA,SUBVENTII,,,,
RO58TREZ23A800000510000X,ACTIUNI GENERALE ECONOMICE,COMERCIALE SI DE MUNCA,TRANSFERURI INTRE UNITATI ALE ADMINISTRATIEI PUBLICE,,,,
RO52TREZ23A800000550000X,ACTIUNI GENERALE ECONOMICE,COMERCIALE SI DE MUNCA,ALTE TRANSFERURI,,,,
RO02TREZ23A800000560000X,ACTIUNI GENERALE ECONOMICE,COMERCIALE SI DE MUNCA,PROIECTE CU FINANTARE DIN FONDURI EXTERNE NERAMBURSABILE (FEN) POSTADERARE,,,,
RO49TREZ23A800000570000X,ACTIUNI GENERALE ECONOMICE,COMERCIALE SI DE MUNCA,ASISTENTA SOCIALA,,,,
RO46TREZ23A800000590000X,ACTIUNI GENERALE ECONOMICE,COMERCIALE SI DE MUNCA,ALTE CHELTUIELI,,,,
RO37TREZ23A800000650000X,ACTIUNI GENERALE ECONOMICE,COMERCIALE SI DE MUNCA,CHELTUIELI AFERENTE PROGRAMELOR CU FINANTARE RAMBURSABILA,,,,
RO28TREZ23A800000710000X,ACTIUNI GENERALE ECONOMICE,COMERCIALE SI DE MUNCA,ACTIVE NEFINANCIARE,,,,
RO75TREZ23A800000720000X,ACTIUNI GENERALE ECONOMICE,COMERCIALE SI DE MUNCA,ACTIVE FINANCIARE,,,,
RO22TREZ23A800000750000X,ACTIUNI GENERALE ECONOMICE,COMERCIALE SI DE MUNCA,FONDUL NATIONAL DE DEZVOLTARE,,,,
RO22TREZ23A800000750000X,ACTIUNI GENERALE ECONOMICE,COMERCIALE SI DE MUNCA,Actiuni generale economice,comerciale si de munca,TITLUL XIV FONDUL NATIONAL DE DEZVOLTARE,,
RO22TREZ23A800000750000X,ACTIUNI GENERALE ECONOMICE,COMERCIALE SI DE MUNCA,Actiuni generale economice,comerciale si de munca,TITLUL XIV FONDUL NATIONAL DE DEZVOLTARE,,
RO22TREZ23A800000750000X,ACTIUNI GENERALE ECONOMICE,COMERCIALE SI DE MUNCA,Actiuni generale economice,comerciale si de munca,TITLUL XIV FONDUL NATIONAL DE DEZVOLTARE,,
RO63TREZ23A800000800000X,ACTIUNI GENERALE ECONOMICE,COMERCIALE SI DE MUNCA,IMPRUMUTURI,,,,
RO13TREZ23A800000810000X,ACTIUNI GENERALE ECONOMICE,COMERCIALE SI DE MUNCA,RAMBURSARI DE CREDITE,,,,
RO07TREZ23A800000850000X,ACTIUNI GENERALE ECONOMICE,COMERCIALE SI DE MUNCA,PLATI EFECTUATE IN ANII PRECEDENTI SI RECUPERATE IN ANUL CURENT,,,,
RO79TREZ23A810000100000X,COMBUSTIBILI SI ENERGIE,CHELTUIELI DE PERSONAL,,,,,
RO64TREZ23A810000200000X,COMBUSTIBILI SI ENERGIE,BUNURI SI SERVICII,,,,,
RO49TREZ23A810000300000X,COMBUSTIBILI SI ENERGIE,DOBANZI,,,,,
RO34TREZ23A810000400000X,COMBUSTIBILI SI ENERGIE,SUBVENTII,,,,,
RO66TREZ23A810000510000X,COMBUSTIBILI SI ENERGIE,TRANSFERURI INTRE UNITATI ALE ADMINISTRATIEI PUBLICE,,,,,
RO60TREZ23A810000550000X,COMBUSTIBILI SI ENERGIE,ALTE TRANSFERURI,,,,,
RO10TREZ23A810000560000X,COMBUSTIBILI SI ENERGIE,PROIECTE CU FINANTARE DIN FONDURI EXTERNE NERAMBURSABILE (FEN) POSTADERARE,,,,,
RO57TREZ23A810000570000X,COMBUSTIBILI SI ENERGIE,ASISTENTA SOCIALA,,,,,
RO54TREZ23A810000590000X,COMBUSTIBILI SI ENERGIE,ALTE CHELTUIELI,,,,,
RO45TREZ23A810000650000X,COMBUSTIBILI SI ENERGIE,CHELTUIELI AFERENTE PROGRAMELOR CU FINANTARE RAMBURSABILA,,,,,
RO36TREZ23A810000710000X,COMBUSTIBILI SI ENERGIE,ACTIVE NEFINANCIARE,,,,,
RO83TREZ23A810000720000X,COMBUSTIBILI SI ENERGIE,ACTIVE FINANCIARE,,,,,
RO30TREZ23A810000750000X,COMBUSTIBILI SI ENERGIE,FONDUL NATIONAL DE DEZVOLTARE,,,,,
RO30TREZ23A810000750000X,COMBUSTIBILI SI ENERGIE,Combustibili si energie,TITLUL XIV FONDUL NATIONAL DE DEZVOLTARE,,,,
RO30TREZ23A810000750000X,COMBUSTIBILI SI ENERGIE,Combustibili si energie,TITLUL XIV FONDUL NATIONAL DE DEZVOLTARE,,,,
RO30TREZ23A810000750000X,COMBUSTIBILI SI ENERGIE,Combustibili si energie,TITLUL XIV FONDUL NATIONAL DE DEZVOLTARE,,,,
RO71TREZ23A810000800000X,COMBUSTIBILI SI ENERGIE,IMPRUMUTURI,,,,,
RO21TREZ23A810000810000X,COMBUSTIBILI SI ENERGIE,RAMBURSARI DE CREDITE,,,,,
RO15TREZ23A810000850000X,COMBUSTIBILI SI ENERGIE,PLATI EFECTUATE IN ANII PRECEDENTI SI RECUPERATE IN ANUL CURENT,,,,,
RO87TREZ23A820000100000X,INDUSTRIA EXTRACTIVA,PRELUCRATOARE SI CONSTRUCTII,CHELTUIELI DE PERSONAL,,,,
RO72TREZ23A820000200000X,INDUSTRIA EXTRACTIVA,PRELUCRATOARE SI CONSTRUCTII,BUNURI SI SERVICII,,,,
RO57TREZ23A820000300000X,INDUSTRIA EXTRACTIVA,PRELUCRATOARE SI CONSTRUCTII,DOBANZI,,,,
RO42TREZ23A820000400000X,INDUSTRIA EXTRACTIVA,PRELUCRATOARE SI CONSTRUCTII,SUBVENTII,,,,
RO74TREZ23A820000510000X,INDUSTRIA EXTRACTIVA,PRELUCRATOARE SI CONSTRUCTII,TRANSFERURI INTRE UNITATI ALE ADMINISTRATIEI PUBLICE,,,,
RO68TREZ23A820000550000X,INDUSTRIA EXTRACTIVA,PRELUCRATOARE SI CONSTRUCTII,ALTE TRANSFERURI,,,,
RO18TREZ23A820000560000X,INDUSTRIA EXTRACTIVA,PRELUCRATOARE SI CONSTRUCTII,PROIECTE CU FINANTARE DIN FONDURI EXTERNE NERAMBURSABILE (FEN) POSTADERARE,,,,
RO65TREZ23A820000570000X,INDUSTRIA EXTRACTIVA,PRELUCRATOARE SI CONSTRUCTII,ASISTENTA SOCIALA,,,,
RO62TREZ23A820000590000X,INDUSTRIA EXTRACTIVA,PRELUCRATOARE SI CONSTRUCTII,ALTE CHELTUIELI,,,,
RO53TREZ23A820000650000X,INDUSTRIA EXTRACTIVA,PRELUCRATOARE SI CONSTRUCTII,CHELTUIELI AFERENTE PROGRAMELOR CU FINANTARE RAMBURSABILA,,,,
RO44TREZ23A820000710000X,INDUSTRIA EXTRACTIVA,PRELUCRATOARE SI CONSTRUCTII,ACTIVE NEFINANCIARE,,,,
RO91TREZ23A820000720000X,INDUSTRIA EXTRACTIVA,PRELUCRATOARE SI CONSTRUCTII,ACTIVE FINANCIARE,,,,
RO38TREZ23A820000750000X,INDUSTRIA EXTRACTIVA,PRELUCRATOARE SI CONSTRUCTII,FONDUL NATIONAL DE DEZVOLTARE,,,,
RO38TREZ23A820000750000X,INDUSTRIA EXTRACTIVA,PRELUCRATOARE SI CONSTRUCTII,Industria extractiva,prelucratoare si constructii,TITLUL XIV FONDUL NATIONAL DE DEZVOLTARE,,
RO38TREZ23A820000750000X,INDUSTRIA EXTRACTIVA,PRELUCRATOARE SI CONSTRUCTII,Industria extractiva,prelucratoare si constructii,TITLUL XIV FONDUL NATIONAL DE DEZVOLTARE,,
RO38TREZ23A820000750000X,INDUSTRIA EXTRACTIVA,PRELUCRATOARE SI CONSTRUCTII,Industria extractiva,prelucratoare si constructii,TITLUL XIV FONDUL NATIONAL DE DEZVOLTARE,,
RO79TREZ23A820000800000X,INDUSTRIA EXTRACTIVA,PRELUCRATOARE SI CONSTRUCTII,IMPRUMUTURI,,,,
RO29TREZ23A820000810000X,INDUSTRIA EXTRACTIVA,PRELUCRATOARE SI CONSTRUCTII,RAMBURSARI DE CREDITE,,,,
RO23TREZ23A820000850000X,INDUSTRIA EXTRACTIVA,PRELUCRATOARE SI CONSTRUCTII,PLATI EFECTUATE IN ANII PRECEDENTI SI RECUPERATE IN ANUL CURENT,,,,
RO95TREZ23A830000100000X,AGRICULTURA,SILVICULTURA,PISCICULTURA SI VANATOARE,CHELTUIELI DE PERSONAL,,,
RO80TREZ23A830000200000X,AGRICULTURA,SILVICULTURA,PISCICULTURA SI VANATOARE,BUNURI SI SERVICII,,,
RO65TREZ23A830000300000X,AGRICULTURA,SILVICULTURA,PISCICULTURA SI VANATOARE,DOBANZI,,,
RO50TREZ23A830000400000X,AGRICULTURA,SILVICULTURA,PISCICULTURA SI VANATOARE,SUBVENTII,,,
RO82TREZ23A830000510000X,AGRICULTURA,SILVICULTURA,PISCICULTURA SI VANATOARE,TRANSFERURI INTRE UNITATI ALE ADMINISTRATIEI PUBLICE,,,
RO76TREZ23A830000550000X,AGRICULTURA,SILVICULTURA,PISCICULTURA SI VANATOARE,ALTE TRANSFERURI,,,
RO26TREZ23A830000560000X,AGRICULTURA,SILVICULTURA,PISCICULTURA SI VANATOARE,PROIECTE CU FINANTARE DIN FONDURI EXTERNE NERAMBURSABILE (FEN) POSTADERARE,,,
RO73TREZ23A830000570000X,AGRICULTURA,SILVICULTURA,PISCICULTURA SI VANATOARE,ASISTENTA SOCIALA,,,
RO70TREZ23A830000590000X,AGRICULTURA,SILVICULTURA,PISCICULTURA SI VANATOARE,ALTE CHELTUIELI,,,
RO61TREZ23A830000650000X,AGRICULTURA,SILVICULTURA,PISCICULTURA SI VANATOARE,CHELTUIELI AFERENTE PROGRAMELOR CU FINANTARE RAMBURSABILA,,,
RO52TREZ23A830000710000X,AGRICULTURA,SILVICULTURA,PISCICULTURA SI VANATOARE,ACTIVE NEFINANCIARE,,,
RO02TREZ23A830000720000X,AGRICULTURA,SILVICULTURA,PISCICULTURA SI VANATOARE,ACTIVE FINANCIARE,,,
RO46TREZ23A830000750000X,AGRICULTURA,SILVICULTURA,PISCICULTURA SI VANATOARE,FONDUL NATIONAL DE DEZVOLTARE,,,
RO46TREZ23A830000750000X,AGRICULTURA,SILVICULTURA,PISCICULTURA SI VANATOARE,Agricultura,silvicultura,piscicultura si vanatoare,TITLUL XIV FONDUL NATIONAL DE DEZVOLTARE
RO46TREZ23A830000750000X,AGRICULTURA,SILVICULTURA,PISCICULTURA SI VANATOARE,Agricultura,silvicultura,piscicultura si vanatoare,TITLUL XIV FONDUL NATIONAL DE DEZVOLTARE
RO46TREZ23A830000750000X,AGRICULTURA,SILVICULTURA,PISCICULTURA SI VANATOARE,Agricultura,silvicultura,piscicultura si vanatoare,TITLUL XIV FONDUL NATIONAL DE DEZVOLTARE
RO87TREZ23A830000800000X,AGRICULTURA,SILVICULTURA,PISCICULTURA SI VANATOARE,IMPRUMUTURI,,,
RO37TREZ23A830000810000X,AGRICULTURA,SILVICULTURA,PISCICULTURA SI VANATOARE,RAMBURSARI DE CREDITE,,,
RO31TREZ23A830000850000X,AGRICULTURA,SILVICULTURA,PISCICULTURA SI VANATOARE,PLATI EFECTUATE IN ANII PRECEDENTI SI RECUPERATE IN ANUL CURENT,,,
RO06TREZ23A840000100000X,TRANSPORTURI,CHELTUIELI DE PERSONAL,,,,,
RO88TREZ23A840000200000X,TRANSPORTURI,BUNURI SI SERVICII,,,,,
RO73TREZ23A840000300000X,TRANSPORTURI,DOBANZI,,,,,
RO58TREZ23A840000400000X,TRANSPORTURI,SUBVENTII,,,,,
RO90TREZ23A840000510000X,TRANSPORTURI,TRANSFERURI INTRE UNITATI ALE ADMINISTRATIEI PUBLICE,,,,,
RO84TREZ23A840000550000X,TRANSPORTURI,ALTE TRANSFERURI,,,,,
RO34TREZ23A840000560000X,TRANSPORTURI,PROIECTE CU FINANTARE DIN FONDURI EXTERNE NERAMBURSABILE (FEN) POSTADERARE,,,,,
RO81TREZ23A840000570000X,TRANSPORTURI,ASISTENTA SOCIALA,,,,,
RO78TREZ23A840000590000X,TRANSPORTURI,ALTE CHELTUIELI,,,,,
RO69TREZ23A840000650000X,TRANSPORTURI,CHELTUIELI AFERENTE PROGRAMELOR CU FINANTARE RAMBURSABILA,,,,,
RO60TREZ23A840000710000X,TRANSPORTURI,ACTIVE NEFINANCIARE,,,,,
RO10TREZ23A840000720000X,TRANSPORTURI,ACTIVE FINANCIARE,,,,,
RO54TREZ23A840000750000X,TRANSPORTURI,FONDUL NATIONAL DE DEZVOLTARE,,,,,
RO54TREZ23A840000750000X,TRANSPORTURI,Transporturi,TITLUL XIV FONDUL NATIONAL DE DEZVOLTARE,,,,
RO54TREZ23A840000750000X,TRANSPORTURI,Transporturi,TITLUL XIV FONDUL NATIONAL DE DEZVOLTARE,,,,
RO54TREZ23A840000750000X,TRANSPORTURI,Transporturi,TITLUL XIV FONDUL NATIONAL DE DEZVOLTARE,,,,
RO95TREZ23A840000800000X,TRANSPORTURI,IMPRUMUTURI,,,,,
RO45TREZ23A840000810000X,TRANSPORTURI,RAMBURSARI DE CREDITE,,,,,
RO39TREZ23A840000850000X,TRANSPORTURI,PLATI EFECTUATE IN ANII PRECEDENTI SI RECUPERATE IN ANUL CURENT,,,,,
RO14TREZ23A850000100000X,COMUNICATII,CHELTUIELI DE PERSONAL,,,,,
RO96TREZ23A850000200000X,COMUNICATII,BUNURI SI SERVICII,,,,,
RO81TREZ23A850000300000X,COMUNICATII,DOBANZI,,,,,
RO66TREZ23A850000400000X,COMUNICATII,SUBVENTII,,,,,
RO98TREZ23A850000510000X,COMUNICATII,TRANSFERURI INTRE UNITATI ALE ADMINISTRATIEI PUBLICE,,,,,
RO92TREZ23A850000550000X,COMUNICATII,ALTE TRANSFERURI,,,,,
RO42TREZ23A850000560000X,COMUNICATII,PROIECTE CU FINANTARE DIN FONDURI EXTERNE NERAMBURSABILE (FEN) POSTADERARE,,,,,
RO89TREZ23A850000570000X,COMUNICATII,ASISTENTA SOCIALA,,,,,
RO86TREZ23A850000590000X,COMUNICATII,ALTE CHELTUIELI,,,,,
RO77TREZ23A850000650000X,COMUNICATII,CHELTUIELI AFERENTE PROGRAMELOR CU FINANTARE RAMBURSABILA,,,,,
RO68TREZ23A850000710000X,COMUNICATII,ACTIVE NEFINANCIARE,,,,,
RO18TREZ23A850000720000X,COMUNICATII,ACTIVE FINANCIARE,,,,,
RO62TREZ23A850000750000X,COMUNICATII,FONDUL NATIONAL DE DEZVOLTARE,,,,,
RO62TREZ23A850000750000X,COMUNICATII,Comunicatii,TITLUL XIV FONDUL NATIONAL DE DEZVOLTARE,,,,
RO62TREZ23A850000750000X,COMUNICATII,Comunicatii,TITLUL XIV FONDUL NATIONAL DE DEZVOLTARE,,,,
RO62TREZ23A850000750000X,COMUNICATII,Comunicatii,TITLUL XIV FONDUL NATIONAL DE DEZVOLTARE,,,,
RO06TREZ23A850000800000X,COMUNICATII,IMPRUMUTURI,,,,,
RO53TREZ23A850000810000X,COMUNICATII,RAMBURSARI DE CREDITE,,,,,
RO47TREZ23A850000850000X,COMUNICATII,PLATI EFECTUATE IN ANII PRECEDENTI SI RECUPERATE IN ANUL CURENT,,,,,
RO22TREZ23A860000100000X,CERCETARE SI DEZVOLTARE IN DOMENIUL ECONOMIC,CHELTUIELI DE PERSONAL,,,,,
RO07TREZ23A860000200000X,CERCETARE SI DEZVOLTARE IN DOMENIUL ECONOMIC,BUNURI SI SERVICII,,,,,
RO89TREZ23A860000300000X,CERCETARE SI DEZVOLTARE IN DOMENIUL ECONOMIC,DOBANZI,,,,,
RO74TREZ23A860000400000X,CERCETARE SI DEZVOLTARE IN DOMENIUL ECONOMIC,SUBVENTII,,,,,
RO09TREZ23A860000510000X,CERCETARE SI DEZVOLTARE IN DOMENIUL ECONOMIC,TRANSFERURI INTRE UNITATI ALE ADMINISTRATIEI PUBLICE,,,,,
RO03TREZ23A860000550000X,CERCETARE SI DEZVOLTARE IN DOMENIUL ECONOMIC,ALTE TRANSFERURI,,,,,
RO50TREZ23A860000560000X,CERCETARE SI DEZVOLTARE IN DOMENIUL ECONOMIC,PROIECTE CU FINANTARE DIN FONDURI EXTERNE NERAMBURSABILE (FEN) POSTADERARE,,,,,
RO97TREZ23A860000570000X,CERCETARE SI DEZVOLTARE IN DOMENIUL ECONOMIC,ASISTENTA SOCIALA,,,,,
RO94TREZ23A860000590000X,CERCETARE SI DEZVOLTARE IN DOMENIUL ECONOMIC,ALTE CHELTUIELI,,,,,
RO85TREZ23A860000650000X,CERCETARE SI DEZVOLTARE IN DOMENIUL ECONOMIC,CHELTUIELI AFERENTE PROGRAMELOR CU FINANTARE RAMBURSABILA,,,,,
RO76TREZ23A860000710000X,CERCETARE SI DEZVOLTARE IN DOMENIUL ECONOMIC,ACTIVE NEFINANCIARE,,,,,
RO26TREZ23A860000720000X,CERCETARE SI DEZVOLTARE IN DOMENIUL ECONOMIC,ACTIVE FINANCIARE,,,,,
RO70TREZ23A860000750000X,CERCETARE SI DEZVOLTARE IN DOMENIUL ECONOMIC,FONDUL NATIONAL DE DEZVOLTARE,,,,,
RO70TREZ23A860000750000X,CERCETARE SI DEZVOLTARE IN DOMENIUL ECONOMIC,Cercetare si dezvoltare in domeniul economic,TITLUL XIV FONDUL NATIONAL DE DEZVOLTARE,,,,
RO70TREZ23A860000750000X,CERCETARE SI DEZVOLTARE IN DOMENIUL ECONOMIC,Cercetare si dezvoltare in domeniul economic,TITLUL XIV FONDUL NATIONAL DE DEZVOLTARE,,,,
RO70TREZ23A860000750000X,CERCETARE SI DEZVOLTARE IN DOMENIUL ECONOMIC,Cercetare si dezvoltare in domeniul economic,TITLUL XIV FONDUL NATIONAL DE DEZVOLTARE,,,,
RO14TREZ23A860000800000X,CERCETARE SI DEZVOLTARE IN DOMENIUL ECONOMIC,IMPRUMUTURI,,,,,
RO61TREZ23A860000810000X,CERCETARE SI DEZVOLTARE IN DOMENIUL ECONOMIC,RAMBURSARI DE CREDITE,,,,,
RO55TREZ23A860000850000X,CERCETARE SI DEZVOLTARE IN DOMENIUL ECONOMIC,PLATI EFECTUATE IN ANII PRECEDENTI SI RECUPERATE IN ANUL CURENT,,,,,
RO30TREZ23A870000100000X,ALTE ACTIUNI ECONOMICE,CHELTUIELI DE PERSONAL,,,,,
RO15TREZ23A870000200000X,ALTE ACTIUNI ECONOMICE,BUNURI SI SERVICII,,,,,
RO97TREZ23A870000300000X,ALTE ACTIUNI ECONOMICE,DOBANZI,,,,,
RO82TREZ23A870000400000X,ALTE ACTIUNI ECONOMICE,SUBVENTII,,,,,
RO17TREZ23A870000510000X,ALTE ACTIUNI ECONOMICE,TRANSFERURI INTRE UNITATI ALE ADMINISTRATIEI PUBLICE,,,,,
RO11TREZ23A870000550000X,ALTE ACTIUNI ECONOMICE,ALTE TRANSFERURI,,,,,
RO58TREZ23A870000560000X,ALTE ACTIUNI ECONOMICE,PROIECTE CU FINANTARE DIN FONDURI EXTERNE NERAMBURSABILE (FEN) POSTADERARE,,,,,
RO08TREZ23A870000570000X,ALTE ACTIUNI ECONOMICE,ASISTENTA SOCIALA,,,,,
RO05TREZ23A870000590000X,ALTE ACTIUNI ECONOMICE,ALTE CHELTUIELI,,,,,
RO93TREZ23A870000650000X,ALTE ACTIUNI ECONOMICE,CHELTUIELI AFERENTE PROGRAMELOR CU FINANTARE RAMBURSABILA,,,,,
RO84TREZ23A870000710000X,ALTE ACTIUNI ECONOMICE,ACTIVE NEFINANCIARE,,,,,
RO34TREZ23A870000720000X,ALTE ACTIUNI ECONOMICE,ACTIVE FINANCIARE,,,,,
RO78TREZ23A870000750000X,ALTE ACTIUNI ECONOMICE,FONDUL NATIONAL DE DEZVOLTARE,,,,,
RO78TREZ23A870000750000X,ALTE ACTIUNI ECONOMICE,Alte actiuni economice,TITLUL XIV FONDUL NATIONAL DE DEZVOLTARE,,,,
RO78TREZ23A870000750000X,ALTE ACTIUNI ECONOMICE,Alte actiuni economice,TITLUL XIV FONDUL NATIONAL DE DEZVOLTARE,,,,
RO78TREZ23A870000750000X,ALTE ACTIUNI ECONOMICE,Alte actiuni economice,TITLUL XIV FONDUL NATIONAL DE DEZVOLTARE,,,,
RO22TREZ23A870000800000X,ALTE ACTIUNI ECONOMICE,IMPRUMUTURI,,,,,
RO69TREZ23A870000810000X,ALTE ACTIUNI ECONOMICE,RAMBURSARI DE CREDITE,,,,,
RO63TREZ23A870000850000X,ALTE ACTIUNI ECONOMICE,PLATI EFECTUATE IN ANII PRECEDENTI SI RECUPERATE IN ANUL CURENT,,,,,
RO61TREZ23A970000750000X,Rezerve,Rezerve,TITLUL XIV FONDUL NATIONAL DE DEZVOLTARE,,,,
RO61TREZ23A970000750000X,Rezerve,Rezerve,TITLUL XIV FONDUL NATIONAL DE DEZVOLTARE,,,,
RO61TREZ23A970000750000X,Rezerve,Rezerve,TITLUL XIV FONDUL NATIONAL DE DEZVOLTARE,,,,
RO56TREZ23D510000750000X,AUTORITATI PUBLICE SI ACTIUNI EXTERNE,Autoritati publice si actiuni externe,TITLUL XIV FONDUL NATIONAL DE DEZVOLTARE,,,,
RO72TREZ23D530000750000X,CERCETARE FUNDAMENTALA SI CERCETARE DEZVOLTARE,Cercetare fundamentala si cercetare dezvoltare,TITLUL XIV FONDUL NATIONAL DE DEZVOLTARE,,,,
RO80TREZ23D540000750000X,ALTE SERVICII PUBLICE GENERALE,Alte servicii publice generale,TITLUL XIV FONDUL NATIONAL DE DEZVOLTARE,,,,
RO31TREZ23D600000750000X,APARARE,Aparare,TITLUL XIV FONDUL NATIONAL DE DEZVOLTARE,,,,
RO39TREZ23D610000750000X,ORDINE PUBLICA SI SIGURANTA NATIONALA,Ordine publica si siguranta nationala,TITLUL XIV FONDUL NATIONAL DE DEZVOLTARE,,,,
RO71TREZ23D650000750000X,INVATAMANT,Invatamant,TITLUL XIV FONDUL NATIONAL DE DEZVOLTARE,,,,
RO79TREZ23D660000750000X,SANATATE,Sanatate,TITLUL XIV FONDUL NATIONAL DE DEZVOLTARE,,,,
RO87TREZ23D670000750000X,CULTURA,RECREERE SI RELIGIE,Cultura,recreere si religie,TITLUL XIV FONDUL NATIONAL DE DEZVOLTARE,,
RO95TREZ23D680000750000X,ASIGURARI SI ASISTENTA SOCIALA,Asigurari si asistenta sociala,TITLUL XIV FONDUL NATIONAL DE DEZVOLTARE,,,,
RO14TREZ23D700000750000X,LOCUINTE,SERVICII SI DEZVOLTARE PUBLICA,Locuinte,servicii si dezvoltare publica,TITLUL XIV FONDUL NATIONAL DE DEZVOLTARE,,
RO46TREZ23D740000750000X,PROTECTIA MEDIULUI,Protectia mediului,TITLUL XIV FONDUL NATIONAL DE DEZVOLTARE,,,,
RO94TREZ23D800000750000X,ACTIUNI GENERALE ECONOMICE,COMERCIALE SI DE MUNCA,Actiuni generale economice,comerciale si de munca,TITLUL XIV FONDUL NATIONAL DE DEZVOLTARE,,
RO05TREZ23D810000750000X,COMBUSTIBILI SI ENERGIE,Combustibili si energie,TITLUL XIV FONDUL NATIONAL DE DEZVOLTARE,,,,
RO13TREZ23D820000750000X,INDUSTRIA EXTRACTIVA,PRELUCRATOARE SI CONSTRUCTII,Industria extractiva,prelucratoare si constructii,TITLUL XIV FONDUL NATIONAL DE DEZVOLTARE,,
RO21TREZ23D830000750000X,AGRICULTURA,SILVICULTURA,PISCICULTURA SI VANATOARE,Agricultura,silvicultura,piscicultura si vanatoare,TITLUL XIV FONDUL NATIONAL DE DEZVOLTARE
RO29TREZ23D840000750000X,TRANSPORTURI,Transporturi,TITLUL XIV FONDUL NATIONAL DE DEZVOLTARE,,,,
RO37TREZ23D850000750000X,COMUNICATII,Comunicatii,TITLUL XIV FONDUL NATIONAL DE DEZVOLTARE,,,,
RO45TREZ23D860000750000X,CERCETARE SI DEZVOLTARE IN DOMENIUL ECONOMIC,Cercetare si dezvoltare in domeniul economic,TITLUL XIV FONDUL NATIONAL DE DEZVOLTARE,,,,
RO53TREZ23D870000750000X,ALTE ACTIUNI ECONOMICE,Alte actiuni economice,TITLUL XIV FONDUL NATIONAL DE DEZVOLTARE,,,,
RO10TREZ23D890000820000X,Cheltuieli din disponibilitati ale institutiilor publice,in curs de clarificare,Operatiuni in curs de clarificare,Titlul XVII Operatiuni in curs de clarificare,,,
RO07TREZ23F510000750000X,AUTORITATI PUBLICE SI ACTIUNI EXTERNE,Autoritati publice si actiuni externe,TITLUL XIV FONDUL NATIONAL DE DEZVOLTARE,,,,
RO23TREZ23F530000750000X,CERCETARE FUNDAMENTALA SI CERCETARE DEZVOLTARE,Cercetare fundamentala si cercetare dezvoltare,TITLUL XIV FONDUL NATIONAL DE DEZVOLTARE,,,,
RO31TREZ23F540000750000X,ALTE SERVICII PUBLICE GENERALE,Alte servicii publice generale,TITLUL XIV FONDUL NATIONAL DE DEZVOLTARE,,,,
RO39TREZ23F550000750000X,TRANZACTII PRIVIND DATORIA PUBLICA SI IMPRUMUTURI,Tranzactii privind datoria publica si imprumuturi,TITLUL XIV FONDUL NATIONAL DE DEZVOLTARE,,,,
RO79TREZ23F600000750000X,APARARE,Aparare,TITLUL XIV FONDUL NATIONAL DE DEZVOLTARE,,,,
RO87TREZ23F610000750000X,ORDINE PUBLICA SI SIGURANTA NATIONALA,Ordine publica si siguranta nationala,TITLUL XIV FONDUL NATIONAL DE DEZVOLTARE,,,,
RO14TREZ23F640000750000X,CHELTUIELILE FONDULUI DE GARANTARE PENTRU PLATA CREANTELOR SALARIALE,Cheltuielile fondului de garantare pentru plata creantelor salariale,TITLUL XIV FONDUL NATIONAL DE DEZVOLTARE,,,,
RO22TREZ23F650000750000X,INVATAMANT,Invatamant,TITLUL XIV FONDUL NATIONAL DE DEZVOLTARE,,,,
RO30TREZ23F660000750000X,SANATATE,Sanatate,TITLUL XIV FONDUL NATIONAL DE DEZVOLTARE,,,,
RO38TREZ23F670000750000X,CULTURA,RECREERE SI RELIGIE,Cultura,recreere si religie,TITLUL XIV FONDUL NATIONAL DE DEZVOLTARE,,
RO46TREZ23F680000750000X,ASIGURARI SI ASISTENTA SOCIALA,Asigurari si asistenta sociala,TITLUL XIV FONDUL NATIONAL DE DEZVOLTARE,,,,
RO54TREZ23F690000750000X,ASIGURARI SI ASISTENTA SOCIALA PENTRU ACCIDENTE DE MUNCA SI BOLI PROFESIONALE,Asigurari si asistenta sociala pentru accidente de munca si boli profesionale,TITLUL XIV FONDUL NATIONAL DE DEZVOLTARE,,,,
RO62TREZ23F700000750000X,LOCUINTE,SERVICII SI DEZVOLTARE PUBLICA,Locuinte,servicii si dezvoltare publica,TITLUL XIV FONDUL NATIONAL DE DEZVOLTARE,,
RO94TREZ23F740000750000X,PROTECTIA MEDIULUI,Protectia mediului,TITLUL XIV FONDUL NATIONAL DE DEZVOLTARE,,,,
RO45TREZ23F800000750000X,ACTIUNI GENERALE ECONOMICE,COMERCIALE SI DE MUNCA,Actiuni generale economice,comerciale si de munca,TITLUL XIV FONDUL NATIONAL DE DEZVOLTARE,,
RO61TREZ23F820000750000X,INDUSTRIA EXTRACTIVA,PRELUCRATOARE SI CONSTRUCTII,Industria extractiva,prelucratoare si constructii,TITLUL XIV FONDUL NATIONAL DE DEZVOLTARE,,
RO69TREZ23F830000750000X,AGRICULTURA,SILVICULTURA,PISCICULTURA SI VANATOARE,Agricultura,silvicultura,piscicultura si vanatoare,TITLUL XIV FONDUL NATIONAL DE DEZVOLTARE
RO77TREZ23F840000750000X,TRANSPORTURI,Transporturi,TITLUL XIV FONDUL NATIONAL DE DEZVOLTARE,,,,
RO85TREZ23F850000750000X,COMUNICATII,Comunicatii,TITLUL XIV FONDUL NATIONAL DE DEZVOLTARE,,,,
RO93TREZ23F860000750000X,CERCETARE SI DEZVOLTARE IN DOMENIUL ECONOMIC,Cercetare si dezvoltare in domeniul economic,TITLUL XIV FONDUL NATIONAL DE DEZVOLTARE,,,,
RO04TREZ23F870000750000X,ALTE ACTIUNI ECONOMICE,Alte actiuni economice,TITLUL XIV FONDUL NATIONAL DE DEZVOLTARE,,,,
RO58TREZ23F890000820000X,Cheltuieli din disponibilitati ale institutiilor publice,in curs de clarificare,Operatiuni in curs de clarificare,Titlul XVII Operatiuni in curs de clarificare,,,
RO31TREZ23G510000750000X,AUTORITATI PUBLICE SI ACTIUNI EXTERNE,Autoritati publice si actiuni externe,TITLUL XIV FONDUL NATIONAL DE DEZVOLTARE,,,,
RO47TREZ23G530000750000X,CERCETARE FUNDAMENTALA SI CERCETARE DEZVOLTARE,Cercetare fundamentala si cercetare dezvoltare,TITLUL XIV FONDUL NATIONAL DE DEZVOLTARE,,,,
RO55TREZ23G540000750000X,ALTE SERVICII PUBLICE GENERALE,Alte servicii publice generale,TITLUL XIV FONDUL NATIONAL DE DEZVOLTARE,,,,
RO63TREZ23G550000750000X,TRANZACTII PRIVIND DATORIA PUBLICA SI IMPRUMUTURI,Tranzactii privind datoria publica si imprumuturi,TITLUL XIV FONDUL NATIONAL DE DEZVOLTARE,,,,
RO06TREZ23G600000750000X,APARARE,Aparare,TITLUL XIV FONDUL NATIONAL DE DEZVOLTARE,,,,
RO14TREZ23G610000750000X,ORDINE PUBLICA SI SIGURANTA NATIONALA,Ordine publica si siguranta nationala,TITLUL XIV FONDUL NATIONAL DE DEZVOLTARE,,,,
RO38TREZ23G640000750000X,CHELTUIELILE FONDULUI DE GARANTARE PENTRU PLATA CREANTELOR SALARIALE,Cheltuielile fondului de garantare pentru plata creantelor salariale,TITLUL XIV FONDUL NATIONAL DE DEZVOLTARE,,,,
RO46TREZ23G650000750000X,INVATAMANT,Invatamant,TITLUL XIV FONDUL NATIONAL DE DEZVOLTARE,,,,
RO54TREZ23G660000750000X,SANATATE,Sanatate,TITLUL XIV FONDUL NATIONAL DE DEZVOLTARE,,,,
RO62TREZ23G670000750000X,CULTURA,RECREERE SI RELIGIE,Cultura,recreere si religie,TITLUL XIV FONDUL NATIONAL DE DEZVOLTARE,,
RO70TREZ23G680000750000X,ASIGURARI SI ASISTENTA SOCIALA,Asigurari si asistenta sociala,TITLUL XIV FONDUL NATIONAL DE DEZVOLTARE,,,,
RO78TREZ23G690000750000X,ASIGURARI SI ASISTENTA SOCIALA PENTRU ACCIDENTE DE MUNCA SI BOLI PROFESIONALE,Asigurari si asistenta sociala pentru accidente de munca si boli profesionale,TITLUL XIV FONDUL NATIONAL DE DEZVOLTARE,,,,
RO86TREZ23G700000750000X,LOCUINTE,SERVICII SI DEZVOLTARE PUBLICA,Locuinte,servicii si dezvoltare publica,TITLUL XIV FONDUL NATIONAL DE DEZVOLTARE,,
RO21TREZ23G740000750000X,PROTECTIA MEDIULUI,Protectia mediului,TITLUL XIV FONDUL NATIONAL DE DEZVOLTARE,,,,
RO69TREZ23G800000750000X,ACTIUNI GENERALE ECONOMICE,COMERCIALE SI DE MUNCA,Actiuni generale economice,comerciale si de munca,TITLUL XIV FONDUL NATIONAL DE DEZVOLTARE,,
RO85TREZ23G820000750000X,INDUSTRIA EXTRACTIVA,PRELUCRATOARE SI CONSTRUCTII,Industria extractiva,prelucratoare si constructii,TITLUL XIV FONDUL NATIONAL DE DEZVOLTARE,,
RO93TREZ23G830000750000X,AGRICULTURA,SILVICULTURA,PISCICULTURA SI VANATOARE,Agricultura,silvicultura,piscicultura si vanatoare,TITLUL XIV FONDUL NATIONAL DE DEZVOLTARE
RO04TREZ23G840000750000X,TRANSPORTURI,Transporturi,TITLUL XIV FONDUL NATIONAL DE DEZVOLTARE,,,,
RO12TREZ23G850000750000X,COMUNICATII,Comunicatii,TITLUL XIV FONDUL NATIONAL DE DEZVOLTARE,,,,
RO20TREZ23G860000750000X,CERCETARE SI DEZVOLTARE IN DOMENIUL ECONOMIC,Cercetare si dezvoltare in domeniul economic,TITLUL XIV FONDUL NATIONAL DE DEZVOLTARE,,,,
RO28TREZ23G870000750000X,ALTE ACTIUNI ECONOMICE,Alte actiuni economice,TITLUL XIV FONDUL NATIONAL DE DEZVOLTARE,,,,
RO82TREZ23G890000820000X,Cheltuieli din disponibilitati ale institutiilor publice,in curs de clarificare,Operatiuni in curs de clarificare,Titlul XVII Operatiuni in curs de clarificare,,,
